<xt:extension 
    xmlns:xt="http://www.oxygenxml.com/ns/extension" 
    id="com.oxygexml.samples.image.decorator">
    <xt:location href="standoff-plugin-1.0.0-SNAPSHOT-plugin.jar"/>
    <xt:version>1.0.0-SNAPSHOT.0</xt:version>
    <xt:oxy_version>1.0.0-SNAPSHOT</xt:oxy_version>
    <xt:type>plugin</xt:type>
    <xt:author>Oxygen XML Editor</xt:author>
    <xt:name>Standoff plugin</xt:name>
    <xt:description><html xmlns="http://www.w3.org/1999/xhtml">
    <head>
        <title>Standoff plugin</title>
    </head>
    <body>
        <div>
            <p></p>
        </div>
    </body>
</html>
</xt:description>
    <xt:license><![CDATA[pending]]></xt:license>
</xt:extension>
